manufacturer,n_samples,p50,p95,p99,max
vestas,529174,0.2812219510347596,0.42349174500949055,0.461611476312661,45388.52280626079
unison,105399,0.28131683850185707,0.48815661283946943,0.5685974317509355,0.7390724898250515
