group,nmae,ficr,score,stage
kpx_group_1,0.1699622895863613,0.26275467132740293,0.5463961908705208,physics_only
kpx_group_2,0.17488144334505765,0.27098864507406323,0.5480536008645028,physics_only
kpx_group_1,0.16979973300754614,0.2650871791336198,0.5476437230630369,with_bias
kpx_group_2,0.17457278683643346,0.2743118411996661,0.5498695271816163,with_bias
kpx_group_3,0.19063755424073364,0.19999914492220117,0.5046807953407337,physics_only
kpx_group_3,0.19025276395032517,0.20067252939132457,0.5052098827204997,with_bias
