group,nmae,ficr,score,stage
kpx_group_1,0.1702430203735877,0.2664171888699983,0.5480870842482053,physics_only
kpx_group_2,0.17497580717483918,0.27530653979704756,0.5501653663111041,physics_only
kpx_group_1,0.17012225979703277,0.26546169963922056,0.5476697199210939,with_bias
kpx_group_2,0.1747116531895424,0.27443841409707714,0.5498633804537674,with_bias
kpx_group_3,0.1907447065721133,0.20004122175218642,0.5046482575900366,physics_only
kpx_group_3,0.1906045935315572,0.20072681698606076,0.5050611117272518,with_bias
