group,nmae,ficr,score,stage
kpx_group_1,0.1702905125577988,0.2669587698537146,0.5483341286479579,physics_only
kpx_group_2,0.17498484207066,0.2765548429665683,0.5507850004479542,physics_only
kpx_group_1,0.17025593732642602,0.2666286954460322,0.548186379059803,with_bias
kpx_group_2,0.17491283463275326,0.2765758074377747,0.5508314864025107,with_bias
kpx_group_3,0.19064867885876416,0.20017717414799288,0.5047642476446144,physics_only
kpx_group_3,0.19054899175617013,0.2004040466743568,0.5049275274590933,with_bias
