group,nmae,ficr,score,stage
kpx_group_1,0.12412205308761151,0.384944452452772,0.6304111996825803,physics_only
kpx_group_2,0.13637790591504267,0.40088876226632375,0.6322554281756405,physics_only
kpx_group_1,0.12226100922678466,0.3903849474430967,0.634061969108156,with_bias
kpx_group_2,0.13543463562328298,0.40315849380199853,0.6338619290893578,with_bias
kpx_group_3,0.1476330912335457,0.3068309088179673,0.5795989087922108,physics_only
kpx_group_3,0.14700501607294117,0.3242800275237443,0.5886375057254016,with_bias
