group,nmae,ficr,score,stage
kpx_group_1,0.17037298685064084,0.2670486736696112,0.5483378434094852,physics_only
kpx_group_2,0.1751506923075168,0.2769707256685907,0.550910016680537,physics_only
kpx_group_1,0.17001673867075515,0.2661288626965018,0.5480560620128734,with_bias
kpx_group_2,0.17466567086691226,0.2737154674435121,0.5495248982882999,with_bias
kpx_group_3,0.190681143396611,0.19943900230419007,0.5043789294537895,physics_only
kpx_group_3,0.19056716246414349,0.20087505800649794,0.5051539477711772,with_bias
