group,trial,mean_score,mean_nmae,mean_ficr,worst_fold,std_score,min_output_ratio,weight_policy,random_state,n_jobs,verbose,objective,n_estimators,learning_rate,num_leaves,max_depth,min_child_samples,subsample,colsample_bytree,reg_alpha,reg_lambda,min_split_gain
kpx_group_1,3,0.6209897363463784,0.1251089660289989,0.3670884387217557,0.6047718149577653,0.011468476470665654,0.05,actual_sqrt,20260708003,-1,-1,regression_l1,1054,0.045487674385340335,24,8,220,0.7569962401386111,0.588867590707072,0.0013790347842763256,11.930576329347899,0.00020705362712397697
kpx_group_2,13,0.6454004615285448,0.12383229308141426,0.4146332161385038,0.6325674328249801,0.017354108390645457,0.1,actual_sqrt,20260708013,-1,-1,regression_l1,1706,0.03131947754190006,24,7,40,0.7553632593045145,0.8682797283527703,2.559238009208434,0.05041372534049484,0.0004990947391891325
kpx_group_3,17,0.5735801669625268,0.14393264625307733,0.29109298017813096,0.56907864366294,0.004501523299586752,0.05,none,20260708017,-1,-1,regression_l1,578,0.012560466354644733,48,4,160,0.6453797070413919,0.6795102006739808,0.30674020604183905,0.002501282522698739,0.018320547062189003
