group,window,model,train_years,valid_year,best_epoch,valid_score,n_train,n_valid
kpx_group_1,24,tcn,"2022,2023",2024,7,0.6387357989587557,17421,8778
kpx_group_1,24,tcn,"2022,2024",2023,13,0.6152914123241023,17442,8757
kpx_group_1,24,tcn,"2023,2024",2022,17,0.6161261542307465,17535,8664
kpx_group_2,24,tcn,"2022,2023",2024,8,0.6500823257659418,17422,8778
kpx_group_2,24,tcn,"2022,2024",2023,6,0.6292643902356025,17442,8758
kpx_group_2,24,tcn,"2023,2024",2022,4,0.6380687228586991,17536,8664
kpx_group_3,24,tcn,"2022,2023",2024,4,0.5729972533249564,8759,8778
kpx_group_3,24,tcn,"2022,2024",2023,3,0.569260314211211,8778,8759
