group,rows,pinn_mean,tree_mean,tcn_mean,final_mean,final_min,final_max,final_floor_raised,capacity_clipped
kpx_group_1,8760,9379.602397667872,8639.164502820802,8909.9541015625,9131.239226751992,3201.3865939577227,21262.540100097656,0,0
kpx_group_2,8760,10054.91065426134,9219.316255320973,9480.720703125,9754.7455640342,3144.215369072973,20940.344025812832,0,0
kpx_group_3,8760,8878.389756677358,7451.047964297864,7972.2548828125,8399.26199671365,3114.2259529197836,20404.814282384596,0,0
