group,window,model,train_years,valid_year,best_epoch,valid_score,n_train,n_valid
kpx_group_1,72,tcn,"2022,2023",2024,9,0.6411275184127034,17421,8778
kpx_group_1,72,tcn,"2022,2024",2023,2,0.6167701675652875,17442,8757
kpx_group_1,72,tcn,"2023,2024",2022,7,0.6025961947049654,17535,8664
kpx_group_2,72,tcn,"2022,2023",2024,2,0.6533759651264128,17422,8778
kpx_group_2,72,tcn,"2022,2024",2023,9,0.632995068005794,17442,8758
kpx_group_2,72,tcn,"2023,2024",2022,2,0.6273885081738024,17536,8664
kpx_group_3,72,tcn,"2022,2023",2024,6,0.5656928319806824,8759,8778
kpx_group_3,72,tcn,"2022,2024",2023,9,0.5540814447176471,8778,8759
