group,rows,changed_rows,final_floor_raised,capacity_clipped,mean_branch_delta,mean_abs_branch_delta,max_abs_branch_delta,base_mean,final_mean,final_min,final_max
kpx_group_1,8760,8757,0,0,-22.502799315068494,159.98197011872145,1260.2786,9082.76633518758,9060.26353587251,3244.248842806743,21009.920820000003
kpx_group_2,8760,8755,0,0,-31.81696019977169,147.72647459132418,1212.3786500000003,9730.05960350302,9698.242643303247,3194.5706940008904,20960.09427466515
kpx_group_3,8760,8756,0,0,-74.84068128881279,192.34889679337897,1516.0309499999996,8379.070659274235,8304.22997798542,3025.0969537628844,20053.658147385584
