group,window,model,train_years,valid_year,best_epoch,valid_score,n_train,n_valid
kpx_group_1,168,tcn,"2022,2023",2024,9,0.642404306744076,17421,8778
kpx_group_1,168,tcn,"2022,2024",2023,14,0.6236810630130792,17442,8757
kpx_group_1,168,tcn,"2023,2024",2022,13,0.6181428058406517,17535,8664
kpx_group_2,168,tcn,"2022,2023",2024,13,0.6526511334333547,17422,8778
kpx_group_2,168,tcn,"2022,2024",2023,6,0.63239380738404,17442,8758
kpx_group_2,168,tcn,"2023,2024",2022,13,0.6265418061319551,17536,8664
kpx_group_3,168,tcn,"2022,2023",2024,4,0.5723525128576508,8759,8778
kpx_group_3,168,tcn,"2022,2024",2023,8,0.5639678039574714,8778,8759
